{
  "agents": [
    {
      "agent_id": 0,
      "position": {
        "x": 10,
        "y": 15,
        "z": 5
      },
      "velocity": {
        "x": -0.9981184833112261,
        "y": 0.06131470682061136,
        "z": 0.0
      },
      "state": "moving",
      "energy": {
        "current": 0.95,
        "power_consumption": 2.1599999999999993,
        "harvesting_rate": 5.0
      },
      "mission": {
        "assigned_tasks": 0,
        "completed_tasks": 0
      },
      "performance": {
        "distance_traveled": 0.15999999999998732,
        "communications": 10
      }
    },
    {
      "agent_id": 1,
      "position": {
        "x": -33.75789279380605,
        "y": 10.222704862214028,
        "z": 3.918175141442103
      },
      "velocity": {
        "x": -0.35081814602375383,
        "y": -0.9364436066418821,
        "z": 0.0
      },
      "state": "moving",
      "energy": {
        "current": 0.884176286484399,
        "power_consumption": 0.1600000000000122,
        "harvesting_rate": 5.0
      },
      "mission": {
        "assigned_tasks": 1,
        "completed_tasks": 0
      },
      "performance": {
        "distance_traveled": 0.15199999999999403,
        "communications": 0
      }
    },
    {
      "agent_id": 2,
      "position": {
        "x": -34.8010775220748,
        "y": -14.846428278134129,
        "z": 3.941740947658409
      },
      "velocity": {
        "x": 1.0637231301374146,
        "y": -1.0575883426034256,
        "z": 0
      },
      "state": "moving",
      "energy": {
        "current": 0.9525801152322076,
        "power_consumption": 0.23999999999998978,
        "harvesting_rate": 5.0
      },
      "mission": {
        "assigned_tasks": 0,
        "completed_tasks": 0
      },
      "performance": {
        "distance_traveled": 0.21599999999999092,
        "communications": 0
      }
    },
    {
      "agent_id": 3,
      "position": {
        "x": -23.18999240017534,
        "y": 33.06196995682186,
        "z": 2.8057630800010958
      },
      "velocity": {
        "x": 0.022752351266115793,
        "y": -0.9997411317495462,
        "z": 0.0
      },
      "state": "moving",
      "energy": {
        "current": 0.8043958307130058,
        "power_consumption": 0.1599999999999925,
        "harvesting_rate": 5.0
      },
      "mission": {
        "assigned_tasks": 0,
        "completed_tasks": 0
      },
      "performance": {
        "distance_traveled": 0.1680000000000042,
        "communications": 0
      }
    },
    {
      "agent_id": 4,
      "position": {
        "x": 28.554524006078232,
        "y": 37.62987154885714,
        "z": 9.671125704547713
      },
      "velocity": {
        "x": -0.3611640939791108,
        "y": -0.9325022773271108,
        "z": 0.0
      },
      "state": "moving",
      "energy": {
        "current": 0.9859668885582751,
        "power_consumption": 0.15999999999998388,
        "harvesting_rate": 5.0
      },
      "mission": {
        "assigned_tasks": 0,
        "completed_tasks": 0
      },
      "performance": {
        "distance_traveled": 0.17599999999999352,
        "communications": 0
      }
    },
    {
      "agent_id": 5,
      "position": {
        "x": 41.20120429195119,
        "y": -10.720497730160963,
        "z": 5.5839526246641356
      },
      "velocity": {
        "x": 0.9862281780246063,
        "y": -0.16539038929232067,
        "z": 0.0
      },
      "state": "moving",
      "energy": {
        "current": 0.751873685199559,
        "power_consumption": 2.1600000000000033,
        "harvesting_rate": 5.0
      },
      "mission": {
        "assigned_tasks": 0,
        "completed_tasks": 0
      },
      "performance": {
        "distance_traveled": 0.14400000000000285,
        "communications": 10
      }
    },
    {
      "agent_id": 6,
      "position": {
        "x": -4.448618416453669,
        "y": 10.225996525085954,
        "z": 5.225043605826842
      },
      "velocity": {
        "x": 0.8119056255399439,
        "y": -1.2612728710380607,
        "z": 0
      },
      "state": "moving",
      "energy": {
        "current": 0.7172208703425231,
        "power_consumption": 0.24000000000000019,
        "harvesting_rate": 5.0
      },
      "mission": {
        "assigned_tasks": 1,
        "completed_tasks": 0
      },
      "performance": {
        "distance_traveled": 0.14400000000000066,
        "communications": 0
      }
    },
    {
      "agent_id": 7,
      "position": {
        "x": 49.360850486179004,
        "y": 14.97934750319498,
        "z": 9.903362733557088
      },
      "velocity": {
        "x": 0.6165431889441441,
        "y": -0.7873210883537831,
        "z": 0.0
      },
      "state": "moving",
      "energy": {
        "current": 0.8950624336322797,
        "power_consumption": 2.1599999999999846,
        "harvesting_rate": 5.0
      },
      "mission": {
        "assigned_tasks": 0,
        "completed_tasks": 0
      },
      "performance": {
        "distance_traveled": 0.03199999999999692,
        "communications": 10
      }
    },
    {
      "agent_id": 8,
      "position": {
        "x": 2.411926334626657,
        "y": 24.980738311034706,
        "z": 4.0406080545269765
      },
      "velocity": {
        "x": 0.6661132716325447,
        "y": 1.3439840435641295,
        "z": 0
      },
      "state": "moving",
      "energy": {
        "current": 0.9463770863726909,
        "power_consumption": 0.23999999999999033,
        "harvesting_rate": 5.0
      },
      "mission": {
        "assigned_tasks": 1,
        "completed_tasks": 0
      },
      "performance": {
        "distance_traveled": 0.17599999999999563,
        "communications": 0
      }
    },
    {
      "agent_id": 9,
      "position": {
        "x": -21.024970506063948,
        "y": -39.059908309315965,
        "z": 3.26805642953207
      },
      "velocity": {
        "x": 0.9998592864170145,
        "y": 0.01677520091261092,
        "z": 0.0
      },
      "state": "moving",
      "energy": {
        "current": 0.8055120232638866,
        "power_consumption": 2.160000000000015,
        "harvesting_rate": 5.0
      },
      "mission": {
        "assigned_tasks": 0,
        "completed_tasks": 0
      },
      "performance": {
        "distance_traveled": 0.04800000000000447,
        "communications": 10
      }
    },
    {
      "agent_id": 10,
      "position": {
        "x": -49.27497074296339,
        "y": -27.889828315315295,
        "z": 6.020090367384377
      },
      "velocity": {
        "x": 0.7339362001504762,
        "y": 0.6792184141413424,
        "z": 0.0
      },
      "state": "moving",
      "energy": {
        "current": 0.8054880417701249,
        "power_consumption": 0.1600000000000125,
        "harvesting_rate": 5.0
      },
      "mission": {
        "assigned_tasks": 0,
        "completed_tasks": 0
      },
      "performance": {
        "distance_traveled": 0.1520000000000059,
        "communications": 0
      }
    },
    {
      "agent_id": 11,
      "position": {
        "x": 38.88346486003542,
        "y": 9.670930548931503,
        "z": 7.894829377470133
      },
      "velocity": {
        "x": 0.047727306018304626,
        "y": 0.9988604027892162,
        "z": 0.0
      },
      "state": "moving",
      "energy": {
        "current": 0.8328433035863259,
        "power_consumption": 2.1599999999999953,
        "harvesting_rate": 5.0
      },
      "mission": {
        "assigned_tasks": 0,
        "completed_tasks": 0
      },
      "performance": {
        "distance_traveled": 0.1440000000000001,
        "communications": 10
      }
    },
    {
      "agent_id": 12,
      "position": {
        "x": 33.41777127159556,
        "y": -7.586466121044927,
        "z": 7.153253772473129
      },
      "velocity": {
        "x": -0.06181940499415851,
        "y": -0.9980873514708861,
        "z": 0.0
      },
      "state": "moving",
      "energy": {
        "current": 0.7649776630226831,